bits,  st_st0,  st_st1,  st_st10,  st_st11,  st_st12,  st_st13,  st_st14,  st_st15,  st_st16,  st_st17,  st_st18,  st_st19,  st_st2,  st_st20,  st_st21,  st_st22,  st_st23,  st_st24,  st_st25,  st_st26,  st_st27,  st_st28,  st_st29,  st_st3,  st_st30,  st_st31,  st_st32,  st_st33,  st_st34,  st_st35,  st_st36,  st_st37,  st_st38,  st_st39,  st_st4,  st_st40,  st_st41,  st_st42,  st_st43,  st_st44,  st_st45,  st_st46,  st_st47,  st_st5,  st_st6,  st_st7,  st_st8,  st_st9, 
 36,  47244632063,  17179344895,  65489862655,  66553118719,  68711085567,  67627909119,  34359719935,  68717887487,  47244115967,  30064770815,  68719213311,  55834574845,  68718943999,  60095922175,  68719271935,  68719411196,  68518141951,  64424435711,  64156069887,  59861106623,  55817797631,  68450910203,  51271171839,  68450516990,  59861041151,  60129410815,  68717378815,  68685921919,  68132274175,  60110667775,  59055669247,  68717215743,  68717378551,  68717379535,  68718952441,  68719464439,  68715208703,  68451032063,  60129533935,  68719450111,  68719441855,  25769795583,  60129541951,  68179984383,  68717313983,  68719411189,  68709974015,  68704796671, 
 36, 0b11111111111111111101111111111111, 0b11111111111101111111111111111111, 0b00111111011111111111111111111111, 0b01111110110111111111111111111111, 0b11111111011111111111010111111111, 0b10111110111011111111111111111111, 0b11111111111111111011011111111111, 0b11111111111001111011111111111111, 0b11111111111101111111111111111111, 0b11111111111111111111111011111111, 0b11111111111110111111101011111111, 0b11111111111111111111111111111101, 0b11111111111101111101111011111111, 0b11111101111111101111111111111111, 0b11111111111111001101111111111111, 0b11111111111111101111111111111100, 0b11110011111111111101111111111111, 0b11111111111111101101111111111111, 0b11101111111111111110111111111111, 0b11101111111111111111111110111111, 0b11111110111111111111111111111111, 0b11101111111111011111111111111011, 0b11101111111111111111111011111111, 0b11101111111101111111111111111110, 0b11101111111111101111111111111111, 0b11111111111111011111111011111111, 0b11111111110111111111110011111111, 0b11111101111111111111111001111111, 0b11011100111111111111111111111111, 0b11111110110111111111111111111111, 0b10111111111111011111111111111111, 0b11111111110111010111111111111111, 0b11111111110111111111101111110111, 0b11111111110111111111111111001111, 0b11111111111101111111111111111001, 0b11111111111111111100111111110111, 0b11111111101111101101111111111111, 0b11101111111111111101101111111111, 0b11111111111111111101111111101111, 0b11111111111111111001011111111111, 0b11111111111111110111011110111111, 0b11111111111111111101111111111111, 0b11111111111111111111111100111111, 0b11011111110101111111111111111111, 0b11111111110111101111111110111111, 0b11111111111111101111111111110101, 0b11111111011011101111111111111111, 0b11111111000111111111111111111111, 
 35,  34359733759,  33822867451,  34351349757,  34351345663,  34358427647,  34359212031,  34359737727,  34359734255,  30064639999,  34359738331,  34358689727,  25702694911,  30064771063,  34321989631,  17177772031,  33285980159,  30063722495,  25753026559,  34091286527,  34359736063,  34292628479,  34351218687,  29930553343,  8589934591,  25769803519,  34359736831,  34326052863,  30064770815,  25769802751,  34359729663,  25767706623,  34359701503,  34342960639,  34359713791,  34359735295,  34359738095,  34359672319,  34359689215,  17146314751,  21474836479,  34359672823,  31943819263,  34359475967,  34359737599,  17179852799,  28991029247,  17179803647,  34158411775, 
 35, 0b11111111111111111110110111111111, 0b11011111111111111111111111111011, 0b11111111011111111111111111111101, 0b11111111011111111110111111111111, 0b11111111111010111111111111111111, 0b11111111111101111111011111111111, 0b11111111111111111111110101111111, 0b11111111111111111110111111101111, 0b11111111111111011111111111111111, 0b11111111111111111111111111011011, 0b11111111111011111111111110111111, 0b11111011111111111111111111111111, 0b11111111111111111111111111110111, 0b11111101101111111111111111111111, 0b11111111110111111111111111111111, 0b10111111111111111011111111111111, 0b11111111111011111111111111111111, 0b11111110111111111111111111111111, 0b11101111111111111011111111111111, 0b11111111111111111111011011111111, 0b11111011111111111111101111111111, 0b11111111011111011111111111111111, 0b11110111111111111111111111111111, 0b11111111111111111111111111111111, 0b11111111111111111111111011111111, 0b11111111111111111111100111111111, 0b11111101111111011111111111111111, 0b11111111111111111111111011111111, 0b11111111111111111111101111111111, 0b11111111111111111101110111111111, 0b11111111110111111111111111111111, 0b11111111111111110110111111111111, 0b11111110111111111111110111111111, 0b11111111111111111001111111111111, 0b11111111111111111111001111111111, 0b11111111111111111111111011101111, 0b11111111111111101111110111111111, 0b11111111111111110011111111111111, 0b11111101111111111111111111111111, 0b11111111111111111111111111111111, 0b11111111111111101111111111110111, 0b01101111111111111111111111111111, 0b11111111111110111111111011111111, 0b11111111111111111111110011111111, 0b11111111111111111011111111111111, 0b10111111111111111111111111111111, 0b11111111111111101111111111111111, 0b11110011111111111111111111111111, 
 34,  16659749759,  16257071999,  8120102735,  8388605455,  16944917839,  14826862351,  16932339535,  16940791375,  17083397711,  17083382607,  16278076287,  17083394847,  16290646911,  16546462527,  16613587775,  16546495327,  16361929631,  16546479071,  16546507711,  16424872767,  16558958399,  16290655166,  16290655101,  16290664316,  16412310335,  7834958623,  3548380959,  1935671103,  1944059757,  1944059679,  1944059821,  6241058605,  12129832959,  4068446207,  3405762558,  12129619967,  16424783743,  16156430207,  16558755711,  16558767996,  7834615679,  16823327583,  6090103679,  3556495358,  7834619903,  7834632111,  8371765007,  8522759693, 
 34, 0b11100000111111111001101101111111, 0b11001000111111110011101101111111, 0b11100011111111101110111101001111, 0b11110011111111111111011000001111, 0b11110001111111101110110101001111, 0b01110011101111111111011100001111, 0b11110001001111101111111101001111, 0b11110001101111111111011001001111, 0b11111010001111111111011001001111, 0b11111010001111111011101101001111, 0b11001010001111111011101101111111, 0b11111010001111111110101100011111, 0b11001010111111111000101101111111, 0b11011010001111101111101100111111, 0b11011110001111110011101100111111, 0b11011010001111110111101101011111, 0b11001111001111110011101110011111, 0b11011010001111110011101111011111, 0b11011010001111111010101110111111, 0b11010010111111111010101100111111, 0b11011010111111011010011100111111, 0b11001010111111111010101110111110, 0b11001010111111111010101101111101, 0b11001010111111111100111101111100, 0b11010010001111111111101100111111, 0b11010010111111111111101100011111, 0b11010011011111111111111100011111, 0b01110011010111111111111100111111, 0b01110011110111111111111101101101, 0b01110011110111111111111100011111, 0b01110011110111111111111110101101, 0b01110011111111101111111100101101, 0b11010010111111101000111111111111, 0b11110010011111111000111111111111, 0b11001010111111111100111111111110, 0b11010010111110110100111111111111, 0b11010010111111100100111101111111, 0b11000010111111111000111101111111, 0b11011010111110101000111101111111, 0b11011010111110101011111101111100, 0b11010010111110101011111101111111, 0b11101010101111111001101101011111, 0b01101010111111111001101101111111, 0b11010011111110111100111111111110, 0b11010010111110101100111111111111, 0b11010010111110101111111110101111, 0b11110010111111101111111100001111, 0b11111011111111101111111000001101, 
 33,  8342270765,  8345416491,  7448961675,  8355033612,  7448851082,  8489071116,  3153916808,  4194104073,  4188861229,  4087739181,  4079809327,  8349152057,  4034720559,  7799698235,  4058379051,  5132120891,  1911288619,  4054577965,  8349741865,  8349741115,  8131637311,  8483959555,  8332964635,  8338076427,  8381199129,  8383164699,  8383165003,  8387099209,  8385264328,  8383165132,  8354849484,  8354996940,  8450368267,  6437085979,  8354935563,  8400073483,  8416847626,  8349741835,  8354972427,  8354947971,  4059980698,  4080464685,  859241263,  8349692827,  8416813978,  8584569498,  8522703386,  8354996766, 
 33, 0b11110001001111001111001100101101, 0b11110001011011001111001100101011, 0b10111011111111100010001010001011, 0b11110001111111111011001000001100, 0b10111011111111000111001010001010, 0b11111001111111001111001000001100, 0b10111011111111001111001110001000, 0b11111001111111001111001100001001, 0b11111001101011001111001100101101, 0b11110011101001011111001100101101, 0b11110011001011001111001100101111, 0b11110001101001011111001100111001, 0b11110000011111001111001100101111, 0b11010000111001011111001100111011, 0b11110001111001011111001100101011, 0b00110001111001011111001100111011, 0b01110001111010111111001100101011, 0b11110001101010111111001100101101, 0b11110001101011101111001100101001, 0b11110001101011101111000000111011, 0b11100100101011101111000000111111, 0b11111001101011101111001100000011, 0b11110000101011101111001100011011, 0b11110000111111001111001100001011, 0b11110011100011101111001100011001, 0b11110011101011001111000100011011, 0b11110011101011001111001001001011, 0b11110011111010001111101001001001, 0b11110011110011001111101011001000, 0b11110011101011001111001011001100, 0b11110001111111001110001011001100, 0b11110001111111110010001011001100, 0b11110111101011100110001100001011, 0b01111111101011100010001100011011, 0b11110001111111100011001100001011, 0b11110100101011101111001100001011, 0b11110101101011101110011100001010, 0b11110001101011101111001100001011, 0b11110001111111101100001100001011, 0b11110001111111100110001110000011, 0b11110001111111100110001110011010, 0b11110011001101101111001100101101, 0b00110011001101101111101100101111, 0b11110001101011100011001110011011, 0b11110101101011100110001110011010, 0b11111111101011100010001010011010, 0b11111011111111100010001000011010, 0b11110001111111110010001000011110, 
 32,  3755999231,  4261412855,  4292853759,  4294440959,  2080374783,  4293918463,  4277665791,  4292866047,  4260888575,  4291821567,  3758088191,  4294705119,  4289724415,  2684354559,  4227858430,  4294967289,  4294930431,  4294901247,  4292870079,  4294901727,  4290510847,  4294967283,  2952790015,  2139095039,  4294442991,  4286316543,  4294828031,  4294901631,  4294964735,  3758030847,  4294705135,  4294377471,  1073741823,  4227858399,  4160749566,  4159700991,  3757834239,  4294955007,  4294967199,  4294966270,  4294672383,  4282384383,  4293918703,  4026529791,  4294441983,  4227856383,  4244635647,  3489660927, 
 32, 0b11011111110111111111111111111111, 0b11111101111111111111111111110111, 0b11111111110111111011111111111111, 0b11111111111101111111011111111111, 0b01111011111111111111111111111111, 0b11111111111011111111111011111111, 0b11111110111101111111111111111111, 0b11111111110111111110111111111111, 0b11111101111101111111111111111111, 0b11111111110011111111111111111111, 0b11011111111111111101111111111111, 0b11111111111110111111111111011111, 0b11111111101011111111111111111111, 0b10011111111111111111111111111111, 0b11111011111111111111111111111110, 0b11111111111111111111111111111001, 0b11111111111111110110111111111111, 0b11111111111111101111110111111111, 0b11111111110111111111111110111111, 0b11111111111111101111111111011111, 0b11111111101110111111111111111111, 0b11111111111111111111111111110011, 0b10101111111111111111111111111111, 0b01111111011111111111111111111111, 0b11111111111101111111111111101111, 0b11111111011110111111111111111111, 0b11111111111111011101111111111111, 0b11111111111111101111111101111111, 0b11111111111111111111010111111111, 0b11011111111111101111111111111111, 0b11111111111110111111111111101111, 0b11111111111101101111111111111111, 0b00111111111111111111111111111111, 0b11111011111111111111111111011111, 0b11110111111111111111111111111110, 0b11110111111011111111111111111111, 0b11011111111110111111111111111111, 0b11111111111111111100111111111111, 0b11111111111111111111111110011111, 0b11111111111111111111101111111110, 0b11111111111110110111111111111111, 0b11111111001111111111111111111111, 0b11111111111011111111111111101111, 0b11101111111111111111011111111111, 0b11111111111101111111101111111111, 0b11111011111111111111011111111111, 0b11111100111111111111111111111111, 0b11001111111111111111111111111111, 
 31,  1286186,  1298472,  1624375392,  574689840,  680656996,  709038592,  705823840,  705893376,  1242765312,  202577922,  202575896,  202512401,  68386872,  206182401,  1816270848,  1812074513,  490870784,  205723649,  205686801,  4425777,  54724641,  205686914,  71534721,  71534640,  71535120,  4424496,  6492960,  1079185952,  1107497508,  4395684,  37949986,  1614942754,  104990770,  42108978,  70420528,  574752930,  37947442,  138577970,  35817522,  42108977,  35883041,  1251370,  1107499048,  71469105,  105056289,  574818340,  584187940,  574755364, 
 31, 0b0000000000100111010000000101010, 0b0000000000100111101000000101000, 0b1100000110100100000000001100000, 0b0100010010000010001001000110000, 0b0101000100100100000000001100100, 0b0101010010000110001001000000000, 0b0101010000100100000010001100000, 0b0101010000100110001010000000000, 0b1001010000100110001100000000000, 0b0001100000100110001100000000010, 0b0001100000100110001000000011000, 0b0001100000100100001100000010001, 0b0000100000100111000000000111000, 0b0001100010010100001100000000001, 0b1101100010000100001100000000000, 0b1101100000000100001000000010001, 0b0011101010000100001100000000000, 0b0001100010000110001100000000001, 0b0001100010000101000100000010001, 0b0000000010000111000100000110001, 0b0000011010000110000100000100001, 0b0001100010000101000100010000010, 0b0000100010000111000100010000001, 0b0000100010000111000100000110000, 0b0000100010000111000101000010000, 0b0000000010000111000001100110000, 0b0000000011000110001001100100000, 0b1000000010100110001001000100000, 0b1000010000000110001001000100100, 0b0000000010000110001001010100100, 0b0000010010000110001001000100010, 0b1100000010000100001001000100010, 0b0000110010000100000100000110010, 0b0000010100000101000100000110010, 0b0000100001100101000100000110000, 0b0100010010000100000100010100010, 0b0000010010000110000100000110010, 0b0001000010000101000100000110010, 0b0000010001000101000100000110010, 0b0000010100000101000100000110001, 0b0000010001000111000100000100001, 0b0000000000100110001100000101010, 0b1000010000000110001100000101000, 0b0000100010000101000100000110001, 0b0000110010000110000100000100001, 0b0100010010000110000100000100100, 0b0100010110100100000000000100100, 0b0100010010000100001001000100100, 
 30,  737998330,  603846011,  954181567,  450884598,  1021260735,  184546167,  249508863,  268383095,  268417846,  268432242,  268301267,  265289586,  201192923,  263192179,  264240683,  261095035,  255852339,  268427058,  218103666,  117440434,  83883959,  419430130,  318767058,  335541722,  251608954,  251609014,  267337716,  1055862772,  1056837621,  535760885,  468664308,  317718516,  871858098,  1071087536,  869266907,  872398754,  870301107,  335543730,  332398515,  315490239,  584056759,  805237234,  803126770,  869266871,  868745139,  818413503,  416280511,  449834998, 
 30, 0b101011111111001111010111111010, 0b100011111111011111010101111011, 0b111000110111111010011110111111, 0b011010110111111111001111110110, 0b111100110111110011001110111111, 0b001010111111111111001101110111, 0b001110110111110011001111111111, 0b001111111111110011001101110111, 0b001111111111111011101100110110, 0b001111111111111111001101110010, 0b001111111111011111001111010011, 0b001111110011111111111101110010, 0b001011111111011111010111011011, 0b001111101011111111111001110011, 0b001111101111111111111000101011, 0b001111100011111111111001111011, 0b001111001111111111111100110011, 0b001111111111111101111100110010, 0b001100111111111111111101110010, 0b000110111111111111111110110010, 0b000100111111111111011110110111, 0b011000111111111111111011110010, 0b010010111111111111111111010010, 0b010011111111111111010111011010, 0b001110111111110011111101111010, 0b001110111111110011111110110110, 0b001111111011110011111111110100, 0b111110111011110010111111110100, 0b111110111111100000111111110101, 0b011111111011110000111111110101, 0b011011111011110011111111110100, 0b010010111011111111111111110100, 0b110011111101110111111110110010, 0b111111110101110111111110110000, 0b110011110011111111010111011011, 0b110011111111111011111110100010, 0b110011110111111011110110110011, 0b010011111111111111110110110010, 0b010011110011111111111110110011, 0b010010110011011111111110111111, 0b100010110011111111111110110111, 0b101111111111101111000111110010, 0b101111110111101011110111110010, 0b110011110011111111010110110111, 0b110011110001111111111110110011, 0b110000110001111111111110111111, 0b011000110011111110111110111111, 0b011010110011111110111111110110, 
 29,  272278035,  278045331,  3318513,  100139617,  15892721,  95944819,  99778609,  363986995,  330498067,  321847315,  328073747,  51351571,  277783059,  51086099,  118456339,  252547075,  107937811,  63897619,  63737875,  63754512,  59298608,  30208018,  26014480,  294445585,  46957331,  63742736,  66626064,  50241552,  50203664,  66588176,  58330752,  91754176,  49066512,  275624464,  327952913,  307147280,  315400848,  63758864,  63799825,  46629397,  46957205,  322568723,  387580689,  42777105,  38580881,  4764401,  7906017,  91783873, 
 29, 0b10000001110101010001000010011, 0b10000100100101010001010010011, 0b00000001100101010001011110001, 0b00101111110000000001001100001, 0b00000111100101000000011110001, 0b00101101110000000000001110011, 0b00101111100101000000000110001, 0b10101101100100000000000110011, 0b10011101100110000000000010011, 0b10011001011110000000000010011, 0b10011100011100000001000010011, 0b00011000011111001000000010011, 0b10000100011101010001000010011, 0b00011000010111000001100010011, 0b00111000011111000000000010011, 0b01111000011011001000000000011, 0b00110011011110000000000010011, 0b00011110011110000000000010011, 0b00011110011001001000000010011, 0b00011110011001101000100010000, 0b00011100010001101001100110000, 0b00001110011001111000000010010, 0b00001100011001111001100010000, 0b10001100011001110001000010001, 0b00010110011001000001100010011, 0b00011110011001010001100010000, 0b00011111110001010001000010000, 0b00010111111101010000000010000, 0b00010111111100000110000010000, 0b00011111110000000111000010000, 0b00011011110100000111010000000, 0b00101011110000000111011000000, 0b00010111011001011001000010000, 0b10000011011011011001000010000, 0b10011100011000010101000010001, 0b10010010011101011001000010000, 0b10010110011001010001010010000, 0b00011110011001110001000010000, 0b00011110011011000001000010001, 0b00010110001111000001000010101, 0b00010110011001000001010010101, 0b10011001110100000001000010011, 0b10111000110100000001100010001, 0b00010100011001011101000010001, 0b00010010011001011001010010001, 0b00000010010001011001011110001, 0b00000011110001010001011100001, 0b00101011110001000001011000001, 
 28,  61865751,  62910291,  242724826,  251461522,  251117016,  184516498,  217578961,  150437843,  184024851,  58195763,  58715927,  56098677,  62844703,  198704756,  65011440,  65007221,  48233969,  41942961,  41353205,  41349055,  41643967,  49736701,  49737679,  66776975,  49737715,  15134719,  15384575,  160088063,  166379513,  216710141,  251177981,  251192315,  66777020,  66747326,  62650255,  49479613,  66318237,  50261917,  49274781,  66059164,  50330460,  40894263,  124777271,  50329486,  50327452,  251636636,  243248058,  251456442, 
 28, 0b0011101011111111111100010111, 0b0011101111111110111101010011, 0b1110011101111010111111011010, 0b1110111111001111111110010010, 0b1110111101111011110111011000, 0b1010111111110111111110010010, 0b1100111101111111110111010001, 0b1000111101110111111111010011, 0b1010111101111111111100010011, 0b0011011101111111111100110011, 0b0011011111111110111100010111, 0b0011010101111111111101110101, 0b0011101111101110111100011111, 0b1011110101111111111001110100, 0b0011110111111111111011110000, 0b0011110111111110111001110101, 0b0010110111111111110111110001, 0b0010011111111111111110110001, 0b0010011101101111111111110101, 0b0010011101101110111110111111, 0b0010011110110110111110111111, 0b0010111101101110101111111101, 0b0010111101101110111111001111, 0b0011111110101110111110001111, 0b0010111101101110111111110011, 0b0000111001101110111111111111, 0b0000111010101011111111111111, 0b1001100010101011111111111111, 0b1001111010101011111111111001, 0b1100111010101011101111111101, 0b1110111110001010101111111101, 0b1110111110001110001111111011, 0b0011111110101110111110111100, 0b0011111110100111101110111110, 0b0011101110111111011110001111, 0b0010111100101111111110111101, 0b0011111100111110111110011101, 0b0010111111101110111110011101, 0b0010111011111101111110011101, 0b0011111011111111101110011100, 0b0010111111111111101101011100, 0b0010011011111111111100110111, 0b0111011011111111001100110111, 0b0010111111111111011110001110, 0b0010111111111110111110011100, 0b1110111111111010101110011100, 0b1110011111111010101110111010, 0b1110111111001110101110111010, 
 27,  117112831,  117439359,  125820671,  100466687,  125828605,  134086526,  125828975,  134197119,  134180607,  134037503,  134201263,  134086652,  134134783,  134209021,  134012927,  134053631,  132022271,  133659647,  134085119,  100597247,  100663261,  133676031,  95944703,  100662267,  125173759,  133365759,  66912255,  67090431,  117372927,  115212287,  122683391,  109051901,  83886071,  133939191,  67108827,  134152179,  100646903,  100663165,  67108605,  65929215,  64487423,  133300223,  125566943,  134215519,  33552383,  92274175,  100663023,  92266495, 
 27, 0b110111110101111111111111111, 0b110111111111111101101111111, 0b111011111111101111011111111, 0b101111111001111111111111111, 0b111011111111111110111111101, 0b111111111011111111101111110, 0b111011111111111111101101111, 0b111111111111010111101111111, 0b111111111110110111011111111, 0b111111111010011111111111111, 0b111111111111011111110101111, 0b111111111011111111111111100, 0b111111111101011101111111111, 0b111111111111101110111111101, 0b111111111001101111111111111, 0b111111111010111111011111111, 0b111110111100111111111111111, 0b111111101110111101111111111, 0b111111111011111100111111111, 0b101111111101111110111111111, 0b101111111111111111111011101, 0b111111101111011101111111111, 0b101101101111111111111111111, 0b101111111111111101111111011, 0b111011101011111111111111111, 0b111111100101111111111111111, 0b011111111001111111111111111, 0b011111111111011011111111111, 0b110111111101111011111111111, 0b110110111011111111111111111, 0b111010011111111111111111111, 0b110011111111111111111111101, 0b100111111111111111111110111, 0b111111110111011111111110111, 0b011111111111111111111011011, 0b111111111101111111111110011, 0b101111111111011111111110111, 0b101111111111111111101111101, 0b011111111111111111011111101, 0b011111011011111111111111111, 0b011110101111111111111111111, 0b111111100011111111111111111, 0b111011110111111111111011111, 0b111111111111111011101011111, 0b001111111111111011111111111, 0b101011111111111110111111111, 0b101111111111111111011101111, 0b101011111111101111111111111, 
 26,  5482271,  5498663,  51453811,  58524493,  50675555,  57608005,  50689863,  56969031,  55985991,  5654487,  5923799,  5695444,  5990167,  12904436,  8841202,  6744048,  9357171,  6178675,  6219632,  5502832,  14133104,  5960561,  5501747,  6027025,  2062192,  5994416,  8074936,  8073658,  8074398,  3880123,  3879739,  54080313,  55278384,  59505200,  20576017,  38435824,  40565552,  6028080,  786225,  3866401,  51052321,  5408735,  8029918,  20642577,  53115697,  52050745,  51977081,  54068093, 
 26, 0b00010100111010011100011111, 0b00010100111110011100100111, 0b11000100010001111101110011, 0b11011111010000001101001101, 0b11000001010011111101100011, 0b11011011110000011101000101, 0b11000001010111011101000111, 0b11011001010100011101000111, 0b11010101100100011101000111, 0b00010101100100011111010111, 0b00010110100110001111010111, 0b00010101101110011111010100, 0b00010110110110011100010111, 0b00110001001110011111110100, 0b00100001101110011111110010, 0b00011001101110011111110000, 0b00100011101100011101110011, 0b00010111100100011101110011, 0b00010111101110011101110000, 0b00010100111111011101110000, 0b00110101111010011101110000, 0b00010110101111001101110001, 0b00010100111111001100110011, 0b00010110111111011100010001, 0b00000111110111011101110000, 0b00010110110111011110110000, 0b00011110110011011010111000, 0b00011110110011000110111010, 0b00011110110011010010011110, 0b00001110110011010010111011, 0b00001110110011001100111011, 0b11001110010011001100111001, 0b11010010110111101100110000, 0b11100010111111101000110000, 0b01001110011111011100010001, 0b10010010100111101111110000, 0b10011010101111101100110000, 0b00010110111111101100110000, 0b00000010111111111100110001, 0b00001110101111111100100001, 0b11000010101111111100100001, 0b00010100101000011111011111, 0b00011110101000011011011110, 0b01001110101111101100010001, 0b11001010100111101100110001, 0b11000110100011101100111001, 0b11000110010001101101111001, 0b11001110010000001101111101, 
 25,  33488255,  33552639,  33161207,  25034749,  16252919,  32899070,  33030123,  32980991,  16251903,  16711678,  33488883,  32501758,  33485823,  30408447,  15724543,  20967423,  33483775,  16756735,  16777212,  12580863,  16776943,  16768511,  8323071,  25163519,  29356030,  29359967,  33549695,  33553916,  32505849,  32505719,  33554420,  33284093,  16513023,  33275895,  29359359,  16711167,  16777071,  33552191,  33542079,  33030063,  33484783,  33553662,  33553909,  29290495,  16187391,  16613375,  33520631,  31424509, 
 25, 0b1111111101111110101111111, 0b1111111111111100011111111, 0b1111110011111111111110111, 0b1011111011111111111111101, 0b0111101111111111111110111, 0b1111101011111111111111110, 0b1111101111111111111101011, 0b1111101110011111111111111, 0b0111101111111101111111111, 0b0111111101111111111111110, 0b1111111101111111111110011, 0b1111011111110111111111110, 0b1111111101111001111111111, 0b1110011111111111011111111, 0b0111011111110111111111111, 0b1001111111110111111111111, 0b1111111101110101111111111, 0b0111111111010111111111111, 0b0111111111111111111111100, 0b0101111111111011111111111, 0b0111111111111111011101111, 0b0111111111101110111111111, 0b0011111101111111111111111, 0b1011111111111011011111111, 0b1101111111110111111111110, 0b1101111111111111101011111, 0b1111111111110110101111111, 0b1111111111111110111111100, 0b1111011111111111111111001, 0b1111011111111111101110111, 0b1111111111111111111110100, 0b1111110111101111111111101, 0b0111110111111011111111111, 0b1111110111011111111110111, 0b1101111111111110011111111, 0b0111111101111110111111111, 0b0111111111111111101101111, 0b1111111111111011100111111, 0b1111111111100111110111111, 0b1111101111111111110101111, 0b1111111101110111111101111, 0b1111111111111110011111110, 0b1111111111111110111110101, 0b1101111101110111111111111, 0b0111101101111111111111111, 0b0111111010111111111111111, 0b1111111110111101111110111, 0b1110111110111111111111101, 
 24,  217357,  475151,  7512067,  1323023,  2269227,  2891791,  2924586,  2940940,  902156,  366092,  71437,  2557452,  197391,  10944556,  10952836,  2556108,  10880140,  2426508,  329231,  3147279,  3670063,  67229,  3146397,  3211791,  77325,  3156493,  11023,  74015,  106589,  106767,  491535,  201743,  3220493,  6300687,  3260940,  2237469,  3343385,  2294799,  2492431,  2242573,  10618895,  495884,  299804,  3326988,  3277839,  11927559,  7471119,  1188879, 
 24, 0b000000110101000100001101, 0b000001110100000000001111, 0b011100101010000000000011, 0b000101000011000000001111, 0b001000101010000000101011, 0b001011000010000000001111, 0b001011001010000000101010, 0b001011001110000000001100, 0b000011011100010000001100, 0b000001011001011000001100, 0b000000010001011100001101, 0b001001110000011000001100, 0b000000110000001100001111, 0b101001110000000000101100, 0b101001110010000010000100, 0b001001110000000011001100, 0b101001100000010010001100, 0b001001010000011010001100, 0b000001010000011000001111, 0b001100000000011000001111, 0b001110000000000000101111, 0b000000010000011010011101, 0b001100000000001010011101, 0b001100010000001000001111, 0b000000010010111000001101, 0b001100000010101000001101, 0b000000000010101100001111, 0b000000010010000100011111, 0b000000011010000001011101, 0b000000011010000100001111, 0b000001111000000000001111, 0b000000110001010000001111, 0b001100010010010000001101, 0b011000000010010000001111, 0b001100011100001000001100, 0b001000100010010000011101, 0b001100110000010000011001, 0b001000110000010000001111, 0b001001100000100000001111, 0b001000100011100000001101, 0b101000100000100000001111, 0b000001111001000100001100, 0b000001001001001100011100, 0b001100101100010000001100, 0b001100100000010000001111, 0b101101100000000000000111, 0b011100100000000000001111, 0b000100100010010000001111, 
 23,  8388015,  8253423,  6225903,  4189951,  8323059,  1572863,  7143423,  6815727,  2883583,  4194046,  8384478,  4062207,  8380398,  2621439,  7864309,  4194294,  8386429,  8385791,  8385533,  4194285,  8371183,  8388077,  8253437,  8386541,  8388557,  8126446,  8126395,  3932127,  8124927,  5963775,  6553599,  1835007,  7864302,  8339454,  7993343,  8124414,  8117247,  8376303,  8321007,  6287343,  8383455,  4194255,  8191967,  7601151,  8354799,  7045119,  7274367,  3145726, 
 23, 0b11111111111110110101111, 0b11111011110111111101111, 0b10111101111111111101111, 0b01111111110111011111111, 0b11111101111111111110011, 0b00101111111111111111111, 0b11011001111111111111111, 0b11001111111111111101111, 0b01010111111111111111111, 0b01111111111111011111110, 0b11111111110111111011110, 0b01111011111101111111111, 0b11111111101111111101110, 0b01001111111111111111111, 0b11101111111111111110101, 0b01111111111111111110110, 0b11111111111011101111101, 0b11111111111010011111111, 0b11111111111001111111101, 0b01111111111111111101101, 0b11111111011101111101111, 0b11111111111110111101101, 0b11111011110111111111101, 0b11111111111011111101101, 0b11111111111111111001101, 0b11110111111111111101110, 0b11110111111111110111011, 0b01110111111111111011111, 0b11110111111100111111111, 0b10110101111111111111111, 0b11000111111111111111111, 0b00110111111111111111111, 0b11101111111111111101110, 0b11111110011111111111110, 0b11110011111011111111111, 0b11110111111011111111110, 0b11110111101101111111111, 0b11111111100111111101111, 0b11111101111011111101111, 0b10111111110111111101111, 0b11111111110101111011111, 0b01111111111111111001111, 0b11111001111111111011111, 0b11100111111101111111111, 0b11111110111101111101111, 0b11010110111111111111111, 0b11011101111111101111111, 0b01011111111111111111110, 
 22,  4189919,  3600383,  4063135,  4128747,  4063214,  3669998,  4128687,  4181999,  4194284,  3661807,  4050943,  3669757,  3927039,  3145213,  3076095,  4190077,  2093023,  2096879,  1572351,  4191487,  1832959,  1835006,  3929087,  3735551,  2096863,  4192215,  3866591,  4193757,  4128764,  4128755,  2027519,  3996671,  2883455,  3800575,  2883327,  3144447,  4191230,  3931646,  1965567,  4193758,  3145718,  4186015,  4185597,  3342335,  3932156,  4124670,  4042751,  4112319, 
 22, 0b1111111110111011011111, 0b1101101110111111111111, 0b1111011111111110011111, 0b1111101111111111101011, 0b1111011111111111101110, 0b1101111111111111101110, 0b1111101111111110101111, 0b1111111100111111101111, 0b1111111111111111101100, 0b1101111101111111101111, 0b1111011100111111111111, 0b1101111111111011111101, 0b1110111110101111111111, 0b1011111111110111111101, 0b1011101110111111111111, 0b1111111110111101111101, 0b0111111110111111011111, 0b0111111111111011101111, 0b0101111111110111111111, 0b1111111111010011111111, 0b0110111111011111111111, 0b0110111111111111111110, 0b1110111111001111111111, 0b1110001111111111111111, 0b0111111111111011011111, 0b1111111111011111010111, 0b1110101111111111011111, 0b1111111111110111011101, 0b1111101111111111111100, 0b1111101111111111110011, 0b0111101110111111111111, 0b1111001111101111111111, 0b1010111111111101111111, 0b1110011111110111111111, 0b1010111111111011111111, 0b1011111111101011111111, 0b1111111111001111111110, 0b1110111111110111111110, 0b0111011111110111111111, 0b1111111111110111011110, 0b1011111111111111110110, 0b1111111101111110011111, 0b1111111101110111111101, 0b1100101111111111111111, 0b1110111111111111111100, 0b1111101110111111111110, 0b1111011010111111111111, 0b1111101011111110111111, 
 21,  2067080,  2042377,  838758,  789807,  969770,  921357,  969753,  2001933,  1871628,  1878808,  1876874,  1874705,  2073098,  1874033,  1882216,  1882944,  1870696,  1870606,  1841927,  842502,  888582,  1842956,  1886988,  2025992,  826246,  957202,  1886994,  850690,  1026818,  969538,  446214,  397198,  445063,  449412,  1239752,  454274,  445959,  2017798,  1886755,  1362534,  315078,  2042392,  2034008,  1236672,  446145,  183523,  445479,  397095, 
 21, 0b111111000101010001000, 0b111110010101000001001, 0b011001100110001100110, 0b011000000110100101111, 0b011101100110000101010, 0b011100000111100001101, 0b011101100110000011001, 0b111101000110000001101, 0b111001000111100001100, 0b111001010101100011000, 0b111001010001110001010, 0b111001001101100010001, 0b111111010001000001010, 0b111001001100001110001, 0b111001011100001101000, 0b111001011101101000000, 0b111001000101101101000, 0b111001000101100001110, 0b111000001101100000111, 0b011001101101100000110, 0b011011000111100000110, 0b111000001111100001100, 0b111001100101100001100, 0b111101110101000001000, 0b011001001101110000110, 0b011101001101100010010, 0b111001100101100010010, 0b011001111101100000010, 0b011111010101100000010, 0b011101100101101000010, 0b001101100111100000110, 0b001100000111110001110, 0b001101100101010000111, 0b001101101101110000100, 0b100101110101011001000, 0b001101110111010000010, 0b001101100111000000111, 0b111101100101000000110, 0b111001100101000100011, 0b101001100101001100110, 0b001001100111011000110, 0b111110010101000011000, 0b111110000100101011000, 0b100101101111011000000, 0b001101100111011000001, 0b000101100110011100011, 0b001101100110000100111, 0b001100000111100100111, 
 20,  852785,  262967,  222339,  143566,  124546,  12478,  75442,  66238,  197368,  983160,  852316,  789624,  787229,  951400,  967944,  822568,  918840,  918644,  789684,  800944,  146096,  806164,  817424,  807697,  790404,  802432,  16258,  63874,  62242,  44834,  165667,  177187,  854067,  860203,  946448,  612402,  807474,  793137,  930352,  799026,  925747,  459632,  467777,  749586,  999474,  746530,  205863,  143407, 
 20, 0b11010000001100110001, 0b01000000001100110111, 0b00110110010010000011, 0b00100011000011001110, 0b00011110011010000010, 0b00000011000010111110, 0b00010010011010110010, 0b00010000001010111110, 0b00110000001011111000, 0b11110000000001111000, 0b11010000000101011100, 0b11000000110001111000, 0b11000000001100011101, 0b11101000010001101000, 0b11101100010100001000, 0b11001000110100101000, 0b11100000010100111000, 0b11100000010001110100, 0b11000000110010110100, 0b11000011100010110000, 0b00100011101010110000, 0b11000100110100010100, 0b11000111100100010000, 0b11000101001100010001, 0b11000000111110000100, 0b11000011111010000000, 0b00000011111110000010, 0b00001111100110000010, 0b00001111001100100010, 0b00001010111100100010, 0b00101000011100100011, 0b00101011010000100011, 0b11010000100000110011, 0b11010010000000101011, 0b11100111000100010000, 0b10010101100000110010, 0b11000101001000110010, 0b11000001101000110001, 0b11100011001000110000, 0b11000011000100110010, 0b11100010000000110011, 0b01110000001101110000, 0b01110010001101000001, 0b10110111000000010010, 0b11110100000000110010, 0b10110110010000100010, 0b00110010010000100111, 0b00100011000000101111, 
 19,  262170,  344066,  24736,  131079,  8338,  197633,  401,  393345,  458816,  262226,  311360,  262662,  49170,  2182,  329856,  327716,  2241,  264336,  262736,  4928,  4166,  1360,  70912,  4370,  393233,  393536,  4420,  269,  540,  66308,  65543,  458753,  270624,  270348,  262163,  90368,  332032,  4512,  36912,  178,  1424,  327952,  327683,  262241,  263425,  1440,  131236,  131265, 
 19, 0b1000000000000011010, 0b1010100000000000010, 0b0000110000010100000, 0b0100000000000000111, 0b0000010000010010010, 0b0110000010000000001, 0b0000000000110010001, 0b1100000000010000001, 0b1110000000001000000, 0b1000000000001010010, 0b1001100000001000000, 0b1000000001000000110, 0b0001100000000010010, 0b0000000100010000110, 0b1010000100010000000, 0b1010000000000100100, 0b0000000100011000001, 0b1000000100010010000, 0b1000000001001010000, 0b0000001001101000000, 0b0000001000001000110, 0b0000000010101010000, 0b0010001010100000000, 0b0000001000100010010, 0b1100000000000010001, 0b1100000000101000000, 0b0000001000101000100, 0b0000000000100001101, 0b0000000001000011100, 0b0010000001100000100, 0b0010000000000000111, 0b1110000000000000001, 0b1000010000100100000, 0b1000010000000001100, 0b1000000000000010011, 0b0010110000100000000, 0b1010001000100000000, 0b0000001000110100000, 0b0001001000000110000, 0b0000000000010110010, 0b0000000010110010000, 0b1010000000100010000, 0b1010000000000000011, 0b1000000000001100001, 0b1000000010100000001, 0b0000000010110100000, 0b0100000000010100100, 0b0100000000011000001, 
 18,  76449,  84625,  59496,  45792,  100472,  45889,  237680,  107105,  74354,  90946,  25441,  115536,  19361,  115000,  253992,  245848,  245795,  115459,  246560,  116001,  82233,  221474,  123176,  115105,  62240,  117536,  43809,  237857,  240384,  43856,  41592,  37112,  99560,  78056,  61856,  103620,  62656,  115905,  101584,  3320,  1259,  74466,  1002,  13224,  13544,  37352,  35560,  5096, 
 18, 0b010010101010100001, 0b010100101010010001, 0b001110100001101000, 0b001011001011100000, 0b011000100001111000, 0b001011001101000001, 0b111010000001110000, 0b011010001001100001, 0b010010001001110010, 0b010110001101000010, 0b000110001101100001, 0b011100001101010000, 0b000100101110100001, 0b011100000100111000, 0b111110000000101000, 0b111100000001011000, 0b111100000000100011, 0b011100001100000011, 0b111100001100100000, 0b011100010100100001, 0b010100000100111001, 0b110110000100100010, 0b011110000100101000, 0b011100000110100001, 0b001111001100100000, 0b011100101100100000, 0b001010101100100001, 0b111010000100100001, 0b111010101100000000, 0b001010101101010000, 0b001010001001111000, 0b001001000011111000, 0b011000010011101000, 0b010011000011101000, 0b001111000110100000, 0b011001010011000100, 0b001111010011000000, 0b011100010011000001, 0b011000110011010000, 0b000000110011111000, 0b000000010011101011, 0b010010001011100010, 0b000000001111101010, 0b000011001110101000, 0b000011010011101000, 0b001001000111101000, 0b001000101011101000, 0b000001001111101000, 
 17,  104699,  22783,  128203,  130753,  129103,  126193,  125143,  52471,  35327,  4031,  68863,  27455,  87291,  125742,  60239,  64047,  28463,  53051,  62267,  32315,  130610,  64031,  52799,  52475,  94783,  29435,  45311,  49919,  43759,  44255,  40663,  89811,  15071,  96988,  60511,  96475,  32459,  12027,  81146,  129210,  129134,  39615,  15294,  130126,  63695,  128206,  128968,  98256, 
 17, 0b11001100011111011, 0b00101100011111111, 0b11111010011001011, 0b11111111011000001, 0b11111100001001111, 0b11110110011110001, 0b11110100011010111, 0b01100110011110111, 0b01000100111111111, 0b00000111110111111, 0b10000110011111111, 0b00110101100111111, 0b10101010011111011, 0b11110101100101110, 0b01110101101001111, 0b01111101000101111, 0b00110111100101111, 0b01100111100111011, 0b01111001100111011, 0b00111111000111011, 0b11111111000110010, 0b01111101000011111, 0b01100111000111111, 0b01100110011111011, 0b10111001000111111, 0b00111001011111011, 0b01011000011111111, 0b01100001011111111, 0b01010101011101111, 0b01010110011011111, 0b01001111011010111, 0b10101111011010011, 0b00011101011011111, 0b10111101011011100, 0b01110110001011111, 0b10111100011011011, 0b00111111011001011, 0b00010111011111011, 0b10011110011111010, 0b11111100010111010, 0b11111100001101110, 0b01001101010111111, 0b00011101110111110, 0b11111110001001110, 0b01111100011001111, 0b11111010011001110, 0b11111011111001000, 0b10111111111010000, 
 16,  64068,  62146,  18035,  20274,  25267,  59698,  2743,  11059,  29475,  62218,  63233,  64257,  64129,  56256,  8132,  24325,  5094,  54210,  39873,  38353,  46361,  35749,  37809,  47792,  40145,  38115,  45538,  11234,  12774,  15586,  15537,  43441,  12788,  8697,  35824,  1020,  13296,  45489,  39091,  40624,  20400,  62982,  58932,  36082,  11760,  3315,  18803,  36147, 
 16, 0b1111101001000100, 0b1111001011000010, 0b0100011001110011, 0b0100111100110010, 0b0110001010110011, 0b1110100100110010, 0b0000101010110111, 0b0010101100110011, 0b0111001100100011, 0b1111001100001010, 0b1111011100000001, 0b1111101100000001, 0b1111101010000001, 0b1101101111000000, 0b0001111111000100, 0b0101111100000101, 0b0001001111100110, 0b1101001111000010, 0b1001101111000001, 0b1001010111010001, 0b1011010100011001, 0b1000101110100101, 0b1001001110110001, 0b1011101010110000, 0b1001110011010001, 0b1001010011100011, 0b1011000111100010, 0b0010101111100010, 0b0011000111100110, 0b0011110011100010, 0b0011110010110001, 0b1010100110110001, 0b0011000111110100, 0b0010000111111001, 0b1000101111110000, 0b0000001111111100, 0b0011001111110000, 0b1011000110110001, 0b1001100010110011, 0b1001111010110000, 0b0100111110110000, 0b1111011000000110, 0b1110011000110100, 0b1000110011110010, 0b0010110111110000, 0b0000110011110011, 0b0100100101110011, 0b1000110100110011, 
 15,  193,  4240,  532,  2688,  16904,  1537,  16420,  8197,  10368,  2082,  10752,  14336,  6145,  8195,  4162,  8257,  16898,  1042,  24592,  17410,  16432,  9344,  3073,  2192,  529,  770,  25088,  12320,  8960,  656,  50,  2208,  6176,  4099,  1664,  2114,  10256,  18433,  4353,  16897,  4101,  2057,  69,  162,  8225,  137,  8832,  16516, 
 15, 0b000000011000001, 0b001000010010000, 0b000001000010100, 0b000101010000000, 0b100001000001000, 0b000011000000001, 0b100000000100100, 0b010000000000101, 0b010100010000000, 0b000100000100010, 0b010101000000000, 0b011100000000000, 0b001100000000001, 0b010000000000011, 0b001000001000010, 0b010000001000001, 0b100001000000010, 0b000010000010010, 0b110000000010000, 0b100010000000010, 0b100000000110000, 0b010010010000000, 0b000110000000001, 0b000100010010000, 0b000001000010001, 0b000001100000010, 0b110001000000000, 0b011000000100000, 0b010001100000000, 0b000001010010000, 0b000000000110010, 0b000100010100000, 0b001100000100000, 0b001000000000011, 0b000011010000000, 0b000100001000010, 0b010100000010000, 0b100100000000001, 0b001000100000001, 0b100001000000001, 0b001000000000101, 0b000100000001001, 0b000000001000101, 0b000000010100010, 0b010000000100001, 0b000000010001001, 0b010001010000000, 0b100000010000100, 
 14,  13073,  13124,  3715,  6450,  1587,  4662,  12849,  13362,  13104,  10928,  13008,  9016,  4976,  9994,  9507,  9516,  9584,  14448,  12348,  7212,  3880,  4332,  4653,  6705,  2364,  4460,  1508,  3748,  3619,  1127,  9231,  9270,  7490,  2375,  14888,  6512,  13424,  7472,  5906,  5203,  13409,  15232,  2947,  13354,  13506,  13827,  1803,  1842, 
 14, 0b11001100010001, 0b11001101000100, 0b00111010000011, 0b01100100110010, 0b00011000110011, 0b01001000110110, 0b11001000110001, 0b11010000110010, 0b11001100110000, 0b10101010110000, 0b11001011010000, 0b10001100111000, 0b01001101110000, 0b10011100001010, 0b10010100100011, 0b10010100101100, 0b10010101110000, 0b11100001110000, 0b11000000111100, 0b01110000101100, 0b00111100101000, 0b01000011101100, 0b01001000101101, 0b01101000110001, 0b00100100111100, 0b01000101101100, 0b00010111100100, 0b00111010100100, 0b00111000100011, 0b00010001100111, 0b10010000001111, 0b10010000110110, 0b01110101000010, 0b00100101000111, 0b11101000101000, 0b01100101110000, 0b11010001110000, 0b01110100110000, 0b01011100010010, 0b01010001010011, 0b11010001100001, 0b11101110000000, 0b00101110000011, 0b11010000101010, 0b11010011000010, 0b11011000000011, 0b00011100001011, 0b00011100110010, 
 13,  2152,  312,  226,  3075,  2130,  1794,  2584,  658,  4628,  6162,  2570,  6657,  680,  2055,  3137,  1793,  6273,  2083,  6240,  2092,  298,  120,  3168,  360,  353,  169,  712,  4620,  1292,  5640,  3586,  3084,  418,  676,  5160,  4320,  2224,  308,  101,  708,  2696,  2132,  4688,  108,  736,  594,  4738,  7680, 
 13, 0b0100001101000, 0b0000100111000, 0b0000011100010, 0b0110000000011, 0b0100001010010, 0b0011100000010, 0b0101000011000, 0b0001010010010, 0b1001000010100, 0b1100000010010, 0b0101000001010, 0b1101000000001, 0b0001010101000, 0b0100000000111, 0b0110001000001, 0b0011100000001, 0b1100010000001, 0b0100000100011, 0b1100001100000, 0b0100000101100, 0b0000100101010, 0b0000001111000, 0b0110001100000, 0b0000101101000, 0b0000101100001, 0b0000010101001, 0b0001011001000, 0b1001000001100, 0b0010100001100, 0b1011000001000, 0b0111000000010, 0b0110000001100, 0b0000110100010, 0b0001010100100, 0b1010000101000, 0b1000011100000, 0b0100010110000, 0b0000100110100, 0b0000001100101, 0b0001011000100, 0b0101010001000, 0b0100001010100, 0b1001001010000, 0b0000001101100, 0b0001011100000, 0b0001001010010, 0b1001010000010, 0b1111000000000, 
 12,  562,  2848,  3232,  708,  674,  774,  39,  676,  150,  51,  593,  1328,  3600,  1043,  579,  1570,  85,  594,  568,  2640,  2321,  281,  538,  2818,  2160,  92,  15,  83,  547,  3075,  523,  99,  1076,  1031,  326,  2340,  1824,  2352,  2369,  2073,  3105,  533,  340,  329,  293,  267,  3329,  1601, 
 12, 0b001000110010, 0b101100100000, 0b110010100000, 0b001011000100, 0b001010100010, 0b001100000110, 0b000000100111, 0b001010100100, 0b000010010110, 0b000000110011, 0b001001010001, 0b010100110000, 0b111000010000, 0b010000010011, 0b001001000011, 0b011000100010, 0b000001010101, 0b001001010010, 0b001000111000, 0b101001010000, 0b100100010001, 0b000100011001, 0b001000011010, 0b101100000010, 0b100001110000, 0b000001011100, 0b000000001111, 0b000001010011, 0b001000100011, 0b110000000011, 0b001000001011, 0b000001100011, 0b010000110100, 0b010000000111, 0b000101000110, 0b100100100100, 0b011100100000, 0b100100110000, 0b100101000001, 0b100000011001, 0b110000100001, 0b001000010101, 0b000101010100, 0b000101001001, 0b000100100101, 0b000100001011, 0b110100000001, 0b011001000001, 
 11,  563,  355,  738,  1126,  806,  1194,  1606,  1159,  1302,  295,  835,  171,  618,  211,  244,  434,  1221,  837,  109,  1549,  1574,  122,  1562,  566,  604,  31,  310,  484,  214,  1364,  405,  689,  227,  79,  1798,  1603,  626,  613,  789,  61,  213,  1543,  662,  1921,  659,  678,  696,  182, 
 11, 0b01000110011, 0b00101100011, 0b01011100010, 0b10001100110, 0b01100100110, 0b10010101010, 0b11001000110, 0b10010000111, 0b10100010110, 0b00100100111, 0b01101000011, 0b00010101011, 0b01001101010, 0b00011010011, 0b00011110100, 0b00110110010, 0b10011000101, 0b01101000101, 0b00001101101, 0b11000001101, 0b11000100110, 0b00001111010, 0b11000011010, 0b01000110110, 0b01001011100, 0b00000011111, 0b00100110110, 0b00111100100, 0b00011010110, 0b10101010100, 0b00110010101, 0b01010110001, 0b00011100011, 0b00001001111, 0b11100000110, 0b11001000011, 0b01001110010, 0b01001100101, 0b01100010101, 0b00000111101, 0b00011010101, 0b11000000111, 0b01010010110, 0b11110000001, 0b01010010011, 0b01010100110, 0b01010111000, 0b00010110110, 
 10,  401,  291,  705,  840,  519,  106,  53,  312,  54,  120,  298,  553,  816,  593,  101,  564,  232,  609,  586,  833,  71,  658,  900,  778,  43,  293,  225,  170,  27,  387,  774,  960,  864,  99,  75,  226,  216,  588,  904,  139,  771,  688,  808,  712,  792,  526,  594,  802, 
 10, 0b0110010001, 0b0100100011, 0b1011000001, 0b1101001000, 0b1000000111, 0b0001101010, 0b0000110101, 0b0100111000, 0b0000110110, 0b0001111000, 0b0100101010, 0b1000101001, 0b1100110000, 0b1001010001, 0b0001100101, 0b1000110100, 0b0011101000, 0b1001100001, 0b1001001010, 0b1101000001, 0b0001000111, 0b1010010010, 0b1110000100, 0b1100001010, 0b0000101011, 0b0100100101, 0b0011100001, 0b0010101010, 0b0000011011, 0b0110000011, 0b1100000110, 0b1111000000, 0b1101100000, 0b0001100011, 0b0001001011, 0b0011100010, 0b0011011000, 0b1001001100, 0b1110001000, 0b0010001011, 0b1100000011, 0b1010110000, 0b1100101000, 0b1011001000, 0b1100011000, 0b1000001110, 0b1001010010, 0b1100100010, 
 9,  197,  75,  78,  106,  360,  267,  204,  30,  108,  312,  89,  116,  353,  198,  141,  177,  420,  169,  216,  281,  464,  170,  456,  418,  180,  120,  284,  23,  269,  401,  344,  424,  57,  92,  150,  156,  77,  300,  102,  178,  408,  232,  153,  275,  139,  46,  396,  166, 
 9, 0b011000101, 0b001001011, 0b001001110, 0b001101010, 0b101101000, 0b100001011, 0b011001100, 0b000011110, 0b001101100, 0b100111000, 0b001011001, 0b001110100, 0b101100001, 0b011000110, 0b010001101, 0b010110001, 0b110100100, 0b010101001, 0b011011000, 0b100011001, 0b111010000, 0b010101010, 0b111001000, 0b110100010, 0b010110100, 0b001111000, 0b100011100, 0b000010111, 0b100001101, 0b110010001, 0b101011000, 0b110101000, 0b000111001, 0b001011100, 0b010010110, 0b010011100, 0b001001101, 0b100101100, 0b001100110, 0b010110010, 0b110011000, 0b011101000, 0b010011001, 0b100010011, 0b010001011, 0b000101110, 0b110001100, 0b010100110, 
 8,  202,  184,  60,  166,  228,  177,  210,  27,  71,  139,  150,  45,  114,  113,  29,  180,  54,  165,  142,  39,  172,  197,  83,  225,  195,  106,  154,  212,  78,  23,  153,  15,  43,  90,  149,  77,  46,  141,  85,  105,  209,  58,  163,  101,  232,  57,  216,  86, 
 8, 0b11001010, 0b10111000, 0b00111100, 0b10100110, 0b11100100, 0b10110001, 0b11010010, 0b00011011, 0b01000111, 0b10001011, 0b10010110, 0b00101101, 0b01110010, 0b01110001, 0b00011101, 0b10110100, 0b00110110, 0b10100101, 0b10001110, 0b00100111, 0b10101100, 0b11000101, 0b01010011, 0b11100001, 0b11000011, 0b01101010, 0b10011010, 0b11010100, 0b01001110, 0b00010111, 0b10011001, 0b00001111, 0b00101011, 0b01011010, 0b10010101, 0b01001101, 0b00101110, 0b10001101, 0b01010101, 0b01101001, 0b11010001, 0b00111010, 0b10100011, 0b01100101, 0b11101000, 0b00111001, 0b11011000, 0b01010110, 
